<?xml version="1.0" encoding="UTF-8"?>
<Deployment>
	<Properties>
		<Property name="installProperty">en_US</Property>
		<Property name="installProperty">ar_AE</Property>
		<Property name="installProperty">be_BY</Property>
		<Property name="installProperty">bg_BG</Property>
		<Property name="installProperty">ca_ES</Property>
		<Property name="installProperty">cs_CZ</Property>
		<Property name="installProperty">da_DK</Property>
		<Property name="installProperty">de_DE</Property>
		<Property name="installProperty">el_GR</Property>
		<Property name="installProperty">en_GB</Property>
		<Property name="installProperty">en_XC</Property>
		<Property name="installProperty">en_XM</Property>
		<Property name="installProperty">es_ES</Property>
		<Property name="installProperty">es_QM</Property>
		<Property name="installProperty">et_EE</Property>
		<Property name="installProperty">fi_FI</Property>
		<Property name="installProperty">fr_FR</Property>
		<Property name="installProperty">fr_XM</Property>
		<Property name="installProperty">he_IL</Property>
		<Property name="installProperty">hi_IN</Property>
		<Property name="installProperty">hr_HR</Property>
		<Property name="installProperty">hu_HU</Property>
		<Property name="installProperty">is_IS</Property>
		<Property name="installProperty">it_IT</Property>
		<Property name="installProperty">ja_JP</Property>
		<Property name="installProperty">ko_KR</Property>
		<Property name="installProperty">lt_LT</Property>
		<Property name="installProperty">lv_LV</Property>
		<Property name="installProperty">mk_MK</Property>
		<Property name="installProperty">nb_NO</Property>
		<Property name="installProperty">nl_NL</Property>
		<Property name="installProperty">pl_PL</Property>
		<Property name="installProperty">pt_BR</Property>
		<Property name="installProperty">ro_RO</Property>
		<Property name="installProperty">ru_RU</Property>
		<Property name="installProperty">sh_YU</Property>
		<Property name="installProperty">sk_SK</Property>
		<Property name="installProperty">sl_SI</Property>
		<Property name="installProperty">sq_AL</Property>
		<Property name="installProperty">sv_SE</Property>
		<Property name="installProperty">th_TH</Property>
		<Property name="installProperty">tr_TR</Property>
		<Property name="installProperty">uk_UA</Property>
		<Property name="installProperty">vi_VN</Property>
		<Property name="installProperty">zh_CN</Property>
		<Property name="installProperty">zh_TW</Property>
	</Properties>

	<Payloads>
		<!--AdobeCode for ESTK 2.0.2 -->
		<Payload adobeCode="{43099DDC-30E4-4F2C-B046-CBF720D2B673}">
			<Action>install</Action>
		</Payload>
	</Payloads>
</Deployment>