<?xml version="1.0" encoding="UTF-8"?>
<Localization xmlns:xsi="http://www.w3.org/2001/XMLSchema-instance" exportTime="String">
	<String stringID="locProductName">
		<ar_AE>[productName]</ar_AE>
		<cs_CZ>[productName]</cs_CZ>
		<de_DE>[productName]</de_DE>
		<el_GR>[productName]</el_GR>
		<en_US>[productName]</en_US>
		<es_ES>[productName]</es_ES>
		<es_MX>[productName]</es_MX>
		<fr_FR>[productName]</fr_FR>
		<fr_CA>[productName]</fr_CA>
		<he_IL>‏[productName]</he_IL>
		<hu_HU>[productName]</hu_HU>
		<it_IT>[productName]</it_IT>
		<ja_JP>[productName]</ja_JP>
		<ko_KR>[productName]</ko_KR>
		<nl_NL>[productName]</nl_NL>
		<pl_PL>[productName]</pl_PL>
		<ro_RO>[productName]</ro_RO>
		<ru_RU>[productName]</ru_RU>
		<sv_SE>[productName]</sv_SE>
		<tr_TR>[productName]</tr_TR>
		<uk_UA>[productName]</uk_UA>
		<zh_CN>[productName]</zh_CN>
		<zh_TW>[productName]</zh_TW>
		<da_DK>[productName]</da_DK>
		<fi_FI>[productName]</fi_FI>
		<nb_NO>[productName]</nb_NO>
		<pt_BR>[productName]</pt_BR>
	</String>
	<String stringID="main_pageTitle">
		<ar_AE>إعداد Adobe</ar_AE>
		<cs_CZ>Instalace Adobe</cs_CZ>
		<de_DE>Adobe Setup</de_DE>
		<el_GR>Εγκατάσταση Adobe</el_GR>
		<en_US>Adobe Setup</en_US>
		<es_ES>Instalación de Adobe</es_ES>
		<es_MX>Instalación de Adobe</es_MX>
		<fr_FR>Installation Adobe</fr_FR>
		<fr_CA>Installation Adobe</fr_CA>
		<he_IL>תוכנית ההתקנה של Adobe</he_IL>
		<hu_HU>Adobe telepítő</hu_HU>
		<it_IT>Installazione Adobe</it_IT>
		<ja_JP>Adobe セットアップ</ja_JP>
		<ko_KR>Adobe 설치 프로그램</ko_KR>
		<nl_NL>Adobe Setup</nl_NL>
		<pl_PL>Instalacja Adobe</pl_PL>
		<ro_RO>Configurare Adobe</ro_RO>
		<ru_RU>Установка Adobe</ru_RU>
		<sv_SE>Installationsprogram för Adobe</sv_SE>
		<tr_TR>Adobe Kurulum</tr_TR>
		<uk_UA>Програма установки Adobe</uk_UA>
		<zh_CN>Adobe 安装程序</zh_CN>
		<zh_TW>Adobe 安裝程式</zh_TW>
		<da_DK>Installationsprogram til Adobe</da_DK>
		<fi_FI>Adobe-asennus</fi_FI>
		<nb_NO>Installasjonsprogram for Adobe</nb_NO>
		<pt_BR>Configuração Adobe</pt_BR>
	</String>
	<String stringID="main_pageSubTitle">
		<ar_AE>جاري التحقق من ملف تخصيص النظام...‏‎</ar_AE>
		<cs_CZ>Kontrola systémového profilu...</cs_CZ>
		<de_DE>Systemprofil wird überprüft...</de_DE>
		<el_GR>Έλεγχος προφίλ συστήματος...</el_GR>
		<en_US>Checking System Profile...</en_US>
		<es_ES>Comprobando perfil del sistema...</es_ES>
		<es_MX>Comprobando perfil del sistema...</es_MX>
		<fr_FR>Vérification du profil système...</fr_FR>
		<fr_CA>Vérification du profil système...</fr_CA>
		<he_IL>בודק את פרופיל המערכת...‏‎</he_IL>
		<hu_HU>Rendszerprofil ellenőrzése...</hu_HU>
		<it_IT>Controllo del profilo di sistema in corso</it_IT>
		<ja_JP>システムのプロファイルを確認しています...</ja_JP>
		<ko_KR>시스템 프로파일 검사 중...</ko_KR>
		<nl_NL>Systeemprofiel wordt gecontroleerd...</nl_NL>
		<pl_PL>Sprawdzanie profilu systemu...</pl_PL>
		<ro_RO>Se verifică profilul de sistem...</ro_RO>
		<ru_RU>Проверка системного профиля...</ru_RU>
		<sv_SE>Kontrollerar systemprofilen…</sv_SE>
		<tr_TR>Sistem Profili Denetleniyor...</tr_TR>
		<uk_UA>Перевірка профілю системи...</uk_UA>
		<zh_CN>正在检查系统配置文件...</zh_CN>
		<zh_TW>檢查系統描述檔...</zh_TW>
		<da_DK>Kontrollerer systemprofil...</da_DK>
		<fi_FI>Tarkistetaan järjestelmäprofiilia...</fi_FI>
		<nb_NO>Kontrollerer systemprofil...</nb_NO>
		<pt_BR>Verificando perfil do sistema...</pt_BR>
	</String>
	<String stringID="win32_unsupportedConfigurationTitle">
		<ar_AE>إعداد غير مدعوم (عربي)</ar_AE>
		<cs_CZ>Nepodporovaná konfigurace</cs_CZ>
		<de_DE>Nicht unterstützte Konfiguration</de_DE>
		<el_GR>Μη υποστηριζόμενη διαμόρφωση</el_GR>
		<en_US>Unsupported Configuration</en_US>
		<es_ES>Configuración no admitida</es_ES>
		<es_MX>Configuración no admitida</es_MX>
		<fr_FR>Configuration non prise en charge</fr_FR>
		<fr_CA>Configuration non prise en charge</fr_CA>
		<he_IL>תצורה לא נתמכת (עברית)</he_IL>
		<hu_HU>Nem támogatott konfiguráció</hu_HU>
		<it_IT>Configurazione non supportata</it_IT>
		<ja_JP>サポートされていない設定</ja_JP>
		<ko_KR>지원되지 않는 구성</ko_KR>
		<nl_NL>Niet-ondersteunde configuratie</nl_NL>
		<pl_PL>Nieobsługiwana konfiguracja</pl_PL>
		<ro_RO>Configuraţie neacceptată</ro_RO>
		<ru_RU>Неподдерживаемая конфигурация)</ru_RU>
		<sv_SE>Konfigurationen saknar stöd</sv_SE>
		<tr_TR>Desteklenmeyen Yapılandırma</tr_TR>
		<uk_UA>Непідтримувана конфігурація</uk_UA>
		<zh_CN>不受支持的配置</zh_CN>
		<zh_TW>不支援的組態</zh_TW>
		<da_DK>Ikke-understøttet konfiguration</da_DK>
		<fi_FI>Kokoonpanoa ei tueta</fi_FI>
		<nb_NO>Konfigurasjonen støttes ikke</nb_NO>
		<pt_BR>Configuração incompatível</pt_BR>
	</String>
	<String stringID="win32_windows2000NotSupported">
		<ar_AE>لا يدعم هذا المنتج Windows 2000</ar_AE>
		<cs_CZ>Tento produkt nepodporuje Windows 2000</cs_CZ>
		<de_DE>Dieses Produkt unterstützt Windows 2000 nicht.</de_DE>
		<el_GR>Το προϊόν αυτό δεν υποστηρίζει Windows 2000</el_GR>
		<en_US>This product does not support Windows 2000</en_US>
		<es_ES>Este producto no admite Windows 2000</es_ES>
		<es_MX>Este producto no admite Windows 2000</es_MX>
		<fr_FR>Ce produit ne prend pas en charge Windows 2000</fr_FR>
		<fr_CA>Ce produit ne prend pas en charge Windows 2000</fr_CA>
		<he_IL>מוצר זה אינו תומך ב- Windows 2000</he_IL>
		<hu_HU>Ez a termék nem támogatja a Windows 2000 rendszert</hu_HU>
		<it_IT>Il prodotto non supporta Windows 2000</it_IT>
		<ja_JP>この製品は Windows 2000 をサポートしていません</ja_JP>
		<ko_KR>이 제품은 Windows 2000을 지원하지 않습니다.</ko_KR>
		<nl_NL>Dit product ondersteunt Windows 2000 niet.</nl_NL>
		<pl_PL>Ten produkt nie obsługuje systemu Windows 2000</pl_PL>
		<ro_RO>Acest produs nu acceptă Windows 2000</ro_RO>
		<ru_RU>Данное приложение не поддерживается в Windows 2000</ru_RU>
		<sv_SE>Den här produkten saknar stöd för Windows 2000</sv_SE>
		<tr_TR>Bu ürün Windows 2000 sistemini desteklemiyor</tr_TR>
		<uk_UA>Цей продукт не підтримує Windows 2000</uk_UA>
		<zh_CN>此产品不支持 Windows 2000</zh_CN>
		<zh_TW>此裝置不支援 Windows 2000</zh_TW>
		<da_DK>Dette produkt understøtter ikke Windows 2000</da_DK>
		<fi_FI>Tämä tuote ei tue versiota Windows 2000</fi_FI>
		<nb_NO>Dette produktet støtter ikke Windows 2000</nb_NO>
		<pt_BR>Este produto não suporta o Windows 2000</pt_BR>
	</String>
	<String stringID="locProductNameInstall">
		<ar_AE>مثبت [productName]: [pageTitle]</ar_AE>
		<cs_CZ>Instalátor aplikace [productName]: [pageTitle]</cs_CZ>
		<de_DE>[productName]-Installationsprogramm: [pageTitle]</de_DE>
		<el_GR>Πρόγραμμα εγκατάστασης του [productName]: [pageTitle]</el_GR>
		<en_US>[productName] Installer: [pageTitle]</en_US>
		<es_ES>[productName] Programa de instalación: [pageTitle]</es_ES>
		<es_MX>[productName] Programa de instalación: [pageTitle]</es_MX>
		<fr_FR>Programme d'installation d'[productName]:Initialisation</fr_FR>
		<fr_CA>Programme d'installation d'[productName]:Initialisation</fr_CA>
		<he_IL>תוכנית התקנה של [productName]: [pageTitle]</he_IL>
		<hu_HU>A(z) [productName] telepítője: [pageTitle]</hu_HU>
		<it_IT>[productName] Programma di installazione: [pageTitle]</it_IT>
		<ja_JP>[productName] インストーラ: [pageTitle]</ja_JP>
		<ko_KR>[productName] 설치 관리자: [pageTitle]</ko_KR>
		<nl_NL>Installatie van [productName]: [pageTitle]</nl_NL>
		<pl_PL>Instalator programu [productName] - [pageTitle]</pl_PL>
		<ro_RO>Program de instalare [productName]: [pageTitle]</ro_RO>
		<ru_RU>Программа установки [productName]: [pageTitle]</ru_RU>
		<sv_SE>[productName] Installationsprogrammet: [pageTitle]</sv_SE>
		<tr_TR>[productName] Yükleyici: [pageTitle]</tr_TR>
		<uk_UA>Програма установки продукту [productName]: [pageTitle]</uk_UA>
		<zh_CN>[productName] 安装程序： [pageTitle]</zh_CN>
		<zh_TW>[productName] 安裝程式: [pageTitle]</zh_TW>
		<da_DK>Installationsprogram til [productName]: [pageTitle]</da_DK>
		<fi_FI>[productName] Asennusohjelma: [pageTitle]</fi_FI>
		<nb_NO>[productName] Installasjonsprogram: [pageTitle]</nb_NO>
		<pt_BR>[productName] Instalador: [pageTitle]</pt_BR>
	</String>
	<String stringID="locInitializing">
		<ar_AE>تجهيز</ar_AE>
		<cs_CZ>Inicializace</cs_CZ>
		<de_DE>Initialisierung</de_DE>
		<el_GR>Προετοιμασία</el_GR>
		<en_US>Initializing</en_US>
		<es_ES>Iniciando</es_ES>
		<es_MX>Iniciando</es_MX>
		<fr_FR>Initialisation de</fr_FR>
		<fr_CA>Initialisation de</fr_CA>
		<he_IL>מאתחל</he_IL>
		<hu_HU>Inicializálás</hu_HU>
		<it_IT>Inizializzazione</it_IT>
		<ja_JP> 初期化中</ja_JP>
		<ko_KR>초기화 중</ko_KR>
		<nl_NL>Bezig met initialiseren</nl_NL>
		<pl_PL>Inicjalizacja</pl_PL>
		<ro_RO>Iniţializare</ro_RO>
		<ru_RU>Инициализация</ru_RU>
		<sv_SE>Initierar</sv_SE>
		<tr_TR>Başlatılıyor</tr_TR>
		<uk_UA>Ініціалізація</uk_UA>
		<zh_CN>正在初始化</zh_CN>
		<zh_TW>初始化</zh_TW>
		<da_DK>Starter...</da_DK>
		<fi_FI>Alustetaan</fi_FI>
		<nb_NO>Initialiserer</nb_NO>
		<pt_BR>inicializando</pt_BR>
	</String>
	<String stringID="locBtnQuit">
		<ar_AE>إلغاء الأمر</ar_AE>
		<cs_CZ>Zrušit</cs_CZ>
		<de_DE>Abbrechen</de_DE>
		<el_GR>Άκυρο</el_GR>
		<en_US>Cancel</en_US>
		<es_ES>Cancelar</es_ES>
		<es_MX>Cancelar</es_MX>
		<fr_FR>Annuler</fr_FR>
		<fr_CA>Annuler</fr_CA>
		<he_IL>בטל</he_IL>
		<hu_HU>Mégse</hu_HU>
		<it_IT>Annulla</it_IT>
		<ja_JP>キャンセル</ja_JP>
		<ko_KR>취소</ko_KR>
		<nl_NL>Annuleren</nl_NL>
		<pl_PL>Anuluj</pl_PL>
		<ro_RO>Revocare</ro_RO>
		<ru_RU>Отмена</ru_RU>
		<sv_SE>Avbryt</sv_SE>
		<tr_TR>İptal</tr_TR>
		<uk_UA>Скасувати</uk_UA>
		<zh_CN>取消</zh_CN>
		<zh_TW>取消</zh_TW>
		<da_DK>Annuller</da_DK>
		<fi_FI>Peruuta</fi_FI>
		<nb_NO>Avbryt</nb_NO>
		<pt_BR>Cancelar</pt_BR>
	</String>
	<String stringID="locInvalidUserCredentialsTitle">
		<ar_AE>ترخيص مستخدم غير سليم</ar_AE>
		<cs_CZ>Neplatné oprávnění uživatele</cs_CZ>
		<de_DE>Ungültiger Berechtigungsnachweis</de_DE>
		<el_GR>Μη έγκυρες πιστοποιήσεις χρήστη</el_GR>
		<en_US>Invalid User Credentials</en_US>
		<es_ES>Credenciales de usuario no válidas</es_ES>
		<es_MX>Credenciales de usuario no válidas</es_MX>
		<fr_FR>Autorisations de l'utilisateur non valides</fr_FR>
		<fr_CA>Autorisations de l'utilisateur non valides</fr_CA>
		<he_IL>הרשאות משתמש לא חוקיות</he_IL>
		<hu_HU>Érvénytelen hitelesítő adatok</hu_HU>
		<it_IT>Credenziali utente non valide</it_IT>
		<ja_JP>ユーザ権限が無効です</ja_JP>
		<ko_KR>잘못된 사용자 자격 증명</ko_KR>
		<nl_NL>Ongeldige gebruikersreferenties</nl_NL>
		<pl_PL>Nieprawidłowe dane uwierzytelniające użytkownika</pl_PL>
		<ro_RO>Informaţii de conectare utilizator nevalide</ro_RO>
		<ru_RU>Недействительные учетные данные пользователя</ru_RU>
		<sv_SE>Ogiltiga användarrättigheter</sv_SE>
		<tr_TR>Geçersiz Kullanıcı Bilgileri</tr_TR>
		<uk_UA>Неправильні облікові дані користувача</uk_UA>
		<zh_CN>用户凭据无效</zh_CN>
		<zh_TW>無效的使用者憑証</zh_TW>
		<da_DK>Ugyldige brugeroplysninger</da_DK>
		<fi_FI>Virheelliset käyttäjätunnukset</fi_FI>
		<nb_NO>Ugyldig brukerlegitimasjon</nb_NO>
		<pt_BR>Credenciais de usuário inválidas</pt_BR>
	</String>
	<String stringID="locInvalidUserCredentialsBody">
		<ar_AE>ليس لديك صلاحيات أمنية كافية لتثبيت [productName].</ar_AE>
		<cs_CZ>Nemáte dostatečná bezpečnostní oprávnění pro instalaci softwaru [productName].</cs_CZ>
		<de_DE>Ihr Sicherheitsnachweis ist für die Installation von [productName] nicht ausreichend.</de_DE>
		<el_GR>Δεν έχετε επαρκείς πιστοποιήσεις ασφαλείας για να εγκαταστήσετε το [productName].</el_GR>
		<en_US>You do not have sufficient security credentials to install [productName].</en_US>
		<es_ES>No dispone de suficientes credenciales para instalar [productName].</es_ES>
		<es_MX>No dispone de suficientes credenciales para instalar [productName].</es_MX>
		<fr_FR>Vos autorisations de sécurité sont  insuffisantes pour installer [productName].</fr_FR>
		<fr_CA>Vos autorisations de sécurité sont  insuffisantes pour installer [productName].</fr_CA>
		<he_IL>אין לכם מספיק הרשאות אבטחה לצורך התקנת [productName].</he_IL>
		<hu_HU>Nem rendelkezik megfelelő biztonsági jogosultságokkal a termék ([productName]) telepítéséhez.</hu_HU>
		<it_IT>Non si dispone delle credenziali di protezione sufficienti per installare [productName].</it_IT>
		<ja_JP>[productName] のインストールに必要なセキュリティの証明がありません。</ja_JP>
		<ko_KR>[productName]을(를) 설치할 충분한 보안 자격 증명이 없습니다.</ko_KR>
		<nl_NL>U hebt niet voldoende beveiligingsreferenties om [productName] te installeren.</nl_NL>
		<pl_PL>Nie posiadasz danych uwierzytelniających, niezbędnych do bezpiecznej instalacji programu [productName].</pl_PL>
		<ro_RO>Nu deţineţi suficiente informaţii de securizare pentru a instala [productName].</ro_RO>
		<ru_RU>У вас недостаточно прав для установки [productName].</ru_RU>
		<sv_SE>Du har inte tillräckliga säkerhetsrättigheter för att installera [productName].</sv_SE>
		<tr_TR>[productName] ürününü yüklemek için yeterli güvenlik kimlik bilgileriniz yok.</tr_TR>
		<uk_UA>Відсутні необхідні права для встановлення продукту [productName].</uk_UA>
		<zh_CN>您没有足够的安全凭据，无法安装 [productName]。</zh_CN>
		<zh_TW>您沒有安全性憑證不足，無法安裝 [productName]。</zh_TW>
		<da_DK>Du har ikke tilstrækkelige sikkerhedstilladelser til at installere [productName].</da_DK>
		<fi_FI>Salauksen käyttäjätunnus ei salli asentaa tuotetta [productName].</fi_FI>
		<nb_NO>Du har ikke tilstrekkelige sikkerhetsrettigheter til å installere [productName].</nb_NO>
		<pt_BR>Você não tem credenciais de segurança suficientes para instalar o [productName].</pt_BR>
	</String>
	<String stringID="locBootStrapQuit">
		<ar_AE>إنهاء</ar_AE>
		<cs_CZ>Ukončit</cs_CZ>
		<de_DE>Beenden</de_DE>
		<el_GR>Έξοδος</el_GR>
		<en_US>Quit</en_US>
		<es_ES>Salir</es_ES>
		<es_MX>Salir</es_MX>
		<fr_FR>Quitter</fr_FR>
		<fr_CA>Quitter</fr_CA>
		<he_IL>יציאה</he_IL>
		<hu_HU>Kilépés</hu_HU>
		<it_IT>Esci</it_IT>
		<ja_JP>終了</ja_JP>
		<ko_KR>종료</ko_KR>
		<nl_NL>Sluiten</nl_NL>
		<pl_PL>Zakończ</pl_PL>
		<ro_RO>Părăsire</ro_RO>
		<ru_RU>Завершить</ru_RU>
		<sv_SE>Avsluta</sv_SE>
		<tr_TR>Çıkış</tr_TR>
		<uk_UA>Вихід</uk_UA>
		<zh_CN>退出</zh_CN>
		<zh_TW>結束</zh_TW>
		<da_DK>Afslut</da_DK>
		<fi_FI>Lopeta</fi_FI>
		<nb_NO>Avslutt</nb_NO>
		<pt_BR>Sair</pt_BR>
	</String>
	<String stringID="locBootStrapContinue">
		<ar_AE>متابعة</ar_AE>
		<cs_CZ>Pokračovat</cs_CZ>
		<de_DE>Fortsetzen</de_DE>
		<el_GR>Συνέχεια</el_GR>
		<en_US>Continue</en_US>
		<es_ES>Continuar</es_ES>
		<es_MX>Continuar</es_MX>
		<fr_FR>Continuer</fr_FR>
		<fr_CA>Continuer</fr_CA>
		<he_IL>המשך</he_IL>
		<hu_HU>Folytatás</hu_HU>
		<it_IT>Riprendi</it_IT>
		<ja_JP>続行</ja_JP>
		<ko_KR>계속</ko_KR>
		<nl_NL>Doorgaan</nl_NL>
		<pl_PL>Kontynuuj</pl_PL>
		<ro_RO>Continuare</ro_RO>
		<ru_RU>Продолжить</ru_RU>
		<sv_SE>Fortsätt</sv_SE>
		<tr_TR>Devam Et</tr_TR>
		<uk_UA>Продовжити</uk_UA>
		<zh_CN>继续</zh_CN>
		<zh_TW>繼續</zh_TW>
		<da_DK>Fortsæt</da_DK>
		<fi_FI>Jatka</fi_FI>
		<nb_NO>Fortsett</nb_NO>
		<pt_BR>Continuar</pt_BR>
	</String>
	<String stringID="locSetupRunningTitle">
		<ar_AE>الإعداد يعمل بالفعل</ar_AE>
		<cs_CZ>Instalace již probíhá</cs_CZ>
		<de_DE>Setup wird bereits ausgeführt</de_DE>
		<el_GR>Η εγκατάσταση εκτελείται ήδη</el_GR>
		<en_US>Setup Already Running</en_US>
		<es_ES>La instalación ya se está ejecutando</es_ES>
		<es_MX>La instalación ya se está ejecutando</es_MX>
		<fr_FR>Installation déjà en cours</fr_FR>
		<fr_CA>Installation déjà en cours</fr_CA>
		<he_IL>תוכנית ההתקנה כבר פועלת</he_IL>
		<hu_HU>A telepítő már fut.</hu_HU>
		<it_IT>Installazione già in corso</it_IT>
		<ja_JP>セットアップは既に実行中です</ja_JP>
		<ko_KR>설치 프로그램이 이미 실행 중입니다.</ko_KR>
		<nl_NL>Setup wordt al uitgevoerd</nl_NL>
		<pl_PL>Instalacja jest już uruchomiona</pl_PL>
		<ro_RO>Configurarea rulează deja</ro_RO>
		<ru_RU>Установка уже выполняется</ru_RU>
		<sv_SE>Installationen körs redan</sv_SE>
		<tr_TR>Kurulum Zaten Çalışıyor</tr_TR>
		<uk_UA>Програму установки вже запущено</uk_UA>
		<zh_CN>安装程序已经运行</zh_CN>
		<zh_TW>安裝程式已執行</zh_TW>
		<da_DK>Installationsprogrammet kører allerede</da_DK>
		<fi_FI>Asennusohjelma on jo toiminnassa</fi_FI>
		<nb_NO>Installasjonsprogrammet kjøres allerede</nb_NO>
		<pt_BR>Configuração já em execução</pt_BR>
	</String>
	<String stringID="locSetupRunningBody">
		<ar_AE>يمكنك تثبيت منتج Adobe واحد فقط في نفس الوقت. يرجى إكمال التثبيت الآخر قبل محاولة تثبيت [productName].</ar_AE>
		<cs_CZ>Najednou můžete instalovat pouze jeden produkt Adobe.  Dokončete prosím druhou instalaci před tím, než se pokusíte nainstalovat [productName].</cs_CZ>
		<de_DE>Sie können immer nur jeweils ein Adobe-Produkt installieren. Beenden Sie die andere Installation, bevor Sie mit der Installation von [productName] beginnen.</de_DE>
		<el_GR>Μπορείτε να εγκαταστήσετε μόνο ένα προϊόν Adobe τη φορά.  Ολοκληρώστε πρώτα την άλλη εγκατάσταση προτού επιχειρήσετε να εγκαταστήσετε το [productName].</el_GR>
		<en_US>You can only install one Adobe product at a time.  Please complete the other installation before attempting to install [productName].</en_US>
		<es_ES>Sólo puede instalar un producto de Adobe a la vez.  Finalice la otra instalación antes de intentar instalar [productName].</es_ES>
		<es_MX>Sólo puede instalar un producto de Adobe a la vez.  Finalice la otra instalación antes de intentar instalar [productName].</es_MX>
		<fr_FR>Vous ne pouvez installer qu'un seul produit Adobe à la fois. Veuillez terminer la première installation avant d'installer [productName].</fr_FR>
		<fr_CA>Vous ne pouvez installer qu'un seul produit Adobe à la fois. Veuillez terminer la première installation avant d'installer [productName].</fr_CA>
		<he_IL>ניתן להתקין רק מוצר אחד של  Adobe ברגע נתון. אנא השלם את ההתקנה הקודמת לפני שתנסה להתקין את [productName].</he_IL>
		<hu_HU>Egyszerre csak egy Adobe termék telepíthető. A termék ([productName]) telepítése előtt fejezze be az előző telepítését.</hu_HU>
		<it_IT>È possibile installare un solo un prodotto Adobe alla volta.  Completare l'installazione già iniziata prima di tentare l'installazione di [productName].</it_IT>
		<ja_JP>複数のアドビ製品を同時にインストールすることはできません。[productName] のインストールを開始する前に、ほかの製品のインストールを完了してください。</ja_JP>
		<ko_KR>Adobe 제품은 한 번에 하나만 설치할 수 있습니다. [productName]을(를) 설치하기 전에 다른 설치를 완료하십시오.</ko_KR>
		<nl_NL>U kunt slechts één Adobe-product tegelijk installeren. Voltooi de andere installatie voordat u [productName] probeert te installeren.</nl_NL>
		<pl_PL>W danym momencie może być instalowany tylko jeden program Adobe.  Proszę dokończyć trwającą instalację, przed rozpoczęciem instalacji programu [productName].</pl_PL>
		<ro_RO>Nu puteţi înregistra decât câte un singur produs Adobe odată.  Finalizaţi cealaltă instalare înainte de a încerca să instalaţi [productName].</ro_RO>
		<ru_RU>Возможна установка только одного продукта Adobe за один раз. Завершите начатую ранее установку, прежде чем начнете установку [productName].</ru_RU>
		<sv_SE>Du kan bara installera en Adobe-produkt åt gången.  Slutför den andra installationen innan du installerar [productName].</sv_SE>
		<tr_TR>Her seferinden yalnızca bir Adobe ürünü yükleyebilirsiniz.  [productName] ürününü yüklemeyi denemeden önce lütfen diğer yüklemeyi tamamlayın.</tr_TR>
		<uk_UA>Можна одночасно встановлювати лише один продукт Adobe.  Завершіть інші установки перед установкою продукту [productName].</uk_UA>
		<zh_CN>一次只能安装一个 Adobe 产品。尝试安装 [productName] 前，请先完成其他安装。</zh_CN>
		<zh_TW>您一次只能安裝一個 Adobe 產品。請先完成其他的安裝程式，再嘗試安裝 [productName]。</zh_TW>
		<da_DK>Du kan kun installere ét Adobe-produkt ad gangen. Afslut først den anden installation, før du forsøger at installere [productName].</da_DK>
		<fi_FI>Voit asentaa vain yhden Adobe-tuotteen kerrallaan.  Tee tuotteen asennus valmiiksi, ennen kuin yrität asentaa [productName] -tuotteen.</fi_FI>
		<nb_NO>Du kan bare installere ett Adobe-produkt om gangen. Fullfør den andre installasjonen før du prøver å installere [productName].</nb_NO>
		<pt_BR>É possível instalar apenas um produto da Adobe por vez.  Conclua a outra instalação antes de tentar instalar o [productName].</pt_BR>
	</String>
	<String stringID="locDBLockedBody">
		<ar_AE>إن قواعد بيانات المثبت مقفلة. الرجاء إعادة تشغيل المكنة ثم تشغيل هذا المثبت.</ar_AE>
		<cs_CZ>Databáze instalátoru jsou uzamčeny. Restartujte počítač a poté spusťte instalaci znovu.</cs_CZ>
		<de_DE>Die Datenbanken des Installationsprogramms sind gesperrt. Starten Sie den Computer neu und führen Sie dann dieses Installationsprogramm erneut aus.</de_DE>
		<el_GR>Οι βάσεις δεδομένων του προγράμματος εγκατάστασης είναι κλειδωμένες. Επανεκκινήστε τον υπολογιστή και, στη συνέχεια, εκτελέστε αυτό το πρόγραμμα εγκατάστασης.</el_GR>
		<en_US>The Installer databases are locked. Please restart the machine and then run this installer.</en_US>
		<es_ES>Las bases de datos del programa de instalación están bloqueadas. Reinicie el equipo y ejecute este programa de instalación.</es_ES>
		<es_MX>Las bases de datos del programa de instalación están bloqueadas. Reinicie el equipo y ejecute este programa de instalación.</es_MX>
		<fr_FR>Les bases de données de l'outil d'installation sont verrouillées. Veuillez redémarrer la machine, puis exécuter l'outil d'installation.</fr_FR>
		<fr_CA>Les bases de données de l'outil d'installation sont verrouillées. Veuillez redémarrer la machine, puis exécuter l'outil d'installation.</fr_CA>
		<he_IL>מסדי הנתונים של תוכנית ההתקנה נעולים. הפעל מחדש את המחשב ולאחר מכן הפעל תוכנית התקנה זו.</he_IL>
		<hu_HU>A telepítő adatbázisok zárolva van. Indítsa újra a számítógépet, majd futtassa a telepítőt.</hu_HU>
		<it_IT>I database di installazione sono bloccati. Riavviate il computer ed eseguite il programma di installazione.</it_IT>
		<ja_JP>インストーラのデータベースがロックされています。コンピュータを再起動してから、このインストーラを実行してください。</ja_JP>
		<ko_KR>설치 관리자 데이터베이스가 잠겨 있습니다. 컴퓨터를 다시 시작한 다음 이 설치 관리자를 실행하십시오.</ko_KR>
		<nl_NL>De installatiedatabases zijn geblokkeerd. Start de machine opnieuw en voer dit installatieprogramma opnieuw uit.</nl_NL>
		<pl_PL>Bazy danych instalatora są zablokowane. Uruchom ponownie komputer i jeszcze raz włącz instalator.</pl_PL>
		<ro_RO>Bazele de date ale programului de instalare sunt blocate. Reporniţi sistemul, apoi executaţi acest program de instalare.</ro_RO>
		<ru_RU>Базы данных программы установки заблокированы. Пожалуйста, перезапустите машину, а затем запустите эту программу установки.</ru_RU>
		<sv_SE>Installationsprogrammets databaser är låsta. Starta om datorn och kör sedan installationsprogrammet.</sv_SE>
		<tr_TR>Yükleyici veritabanları kilitli. Lütfen bilgisayarı yeniden başlatın ve ardından bu yükleyiciyi çalıştırın.</tr_TR>
		<uk_UA>Бази даних програми установки заблоковані. Перезавантажте комп’ютер і запустіть цю програму установки.</uk_UA>
		<zh_CN>安装程序数据库已锁定。请重新启动计算机，然后运行此安装程序。</zh_CN>
		<zh_TW>安裝程式資料庫已鎖定。請重新啟動電腦，然後再執行此安裝程式。</zh_TW>
		<da_DK>Installationsdatabaserne er låste. Genstart maskinen og kør derefter dette installationsprogram.</da_DK>
		<fi_FI>Asennusohjelman tietokannat on lukittu. Käynnistä kone uudelleen ja sen jälkeen asennusohjelma.</fi_FI>
		<nb_NO>Installasjonsdatabasene er låst. Start datamaskinen på nytt, og kjør deretter installasjonsprogrammet.</nb_NO>
		<pt_BR>Os bancos de dados do instalador estão bloqueados. Reinicie a máquina e execute o instalador.</pt_BR>
	</String>
	<String stringID="locBootstrapFailedTitle">
		<ar_AE>خطأ في الإعداد</ar_AE>
		<cs_CZ>Chyba instalace</cs_CZ>
		<de_DE>Setup-Fehler</de_DE>
		<el_GR>Σφάλμα εγκατάστασης</el_GR>
		<en_US>Setup Error</en_US>
		<es_ES>Error de instalación</es_ES>
		<es_MX>Error de instalación</es_MX>
		<fr_FR>Erreur d'installation</fr_FR>
		<fr_CA>Erreur d'installation</fr_CA>
		<he_IL>שגיאת התקנה</he_IL>
		<hu_HU>Telepítési hiba</hu_HU>
		<it_IT>Errore di installazione</it_IT>
		<ja_JP>セットアップエラー</ja_JP>
		<ko_KR>설치 프로그램 오류</ko_KR>
		<nl_NL>Setup-fout</nl_NL>
		<pl_PL>Błąd instalacji</pl_PL>
		<ro_RO>Eroare de configurare</ro_RO>
		<ru_RU>Ошибка установки</ru_RU>
		<sv_SE>Installationsfel</sv_SE>
		<tr_TR>Kurulum Hatası</tr_TR>
		<uk_UA>Помилка програми установки</uk_UA>
		<zh_CN>安装程序错误</zh_CN>
		<zh_TW>安裝程式錯誤</zh_TW>
		<da_DK>Installationsfejl</da_DK>
		<fi_FI>Asennusvirhe</fi_FI>
		<nb_NO>Installasjonsfeil</nb_NO>
		<pt_BR>Erro de configuração</pt_BR>
	</String>
	<String stringID="locBootstrapFailedBody">
		<ar_AE>لقد واجه الإعداد خطأ ولا يمكن أن يستمر. اتصل بخدمة عملاء Adobe للمساعدة.</ar_AE>
		<cs_CZ>Při instalaci se vyskytla chyba a nelze pokračovat. Vyžádejte si pomoc od zákaznické podpory Adobe.</cs_CZ>
		<de_DE>Setup hat einen Fehler festgestellt und kann nicht fortgesetzt werden. Für weitere Hilfestellung wenden Sie sich an den Kundendienst von Adobe.</de_DE>
		<el_GR>Παρουσιάστηκε σφάλμα και η εγκατάσταση δεν μπορεί να συνεχιστεί. Επικοινωνήστε με την υποστήριξη πελατών της Adobe για βοήθεια.</el_GR>
		<en_US>Setup has encountered an error and cannot continue. Contact Adobe Customer Support for assistance.</en_US>
		<es_ES>La configuración ha detectado un error y no puede continuar. Póngase en contacto con el servicio de atención al cliente de Adobe para obtener ayuda.</es_ES>
		<es_MX>La configuración ha detectado un error y no puede continuar. Póngase en contacto con el servicio de atención al cliente de Adobe para obtener ayuda.</es_MX>
		<fr_FR>Un erreur est survenue pendant l'installation et celle-ci ne peut continuer. Contactez le support clientèle d'Adobe.</fr_FR>
		<fr_CA>Un erreur est survenue pendant l'installation et celle-ci ne peut continuer. Contactez le support clientèle d'Adobe.</fr_CA>
		<he_IL>תוכנית ההתקנה נתקלה בשגיאה ולא תוכל להמשיך לפעול. פנו לשירות לקוחות של Adobe לקבלת עזרה.</he_IL>
		<hu_HU>A telepítő hibát észlelt, így nem futhat tovább. Segítségért forduljon az Adobe ügyfélszolgálatához.</hu_HU>
		<it_IT>Errore di installazione, impossibile continuare. Contattare il Servizio assistenza di Adobe.</it_IT>
		<ja_JP>セットアップの実行中にエラーが発生したため続行できません。カスタマーサポートにお問い合わせください。</ja_JP>
		<ko_KR>오류가 발생하여 계속 진행할 수 없습니다. Adobe 고객 지원 팀에 문의하십시오.</ko_KR>
		<nl_NL>Setup heeft een fout ontdekt en kan niet doorgaan. Neem contact op met de klantenondersteuning van Adobe voor assistentie.</nl_NL>
		<pl_PL>Instalacja nie może być kontynuowana, ponieważ wystąpił błąd. Proszę skorzystać z pomocy Obsługi klienta firmy Adobe.</pl_PL>
		<ro_RO>Configurarea a întâmpinat o eroare şi nu poate continua. Pentru ajutor, contactaţi Serviciul de asistenţă tehnică Adobe.</ro_RO>
		<ru_RU>Установка не может продолжаться, поскольку произошла ошибка. Обратитесь за помощью в службу поддержки Adobe.</ru_RU>
		<sv_SE>Ett problem uppstod under installationen och den måste avbrytas. Kontakta Adobes kundtjänst.</sv_SE>
		<tr_TR>Kurulum bir hatayla karşılaştı ve devam edemiyor. Yardım için Adobe Müşteri Hizmetleri'ne Başvurun.</tr_TR>
		<uk_UA>Виникла помилка програми установки і її буде закрито. Зверніться до центру підтримки клієнтів Adobe по допомогу.</uk_UA>
		<zh_CN>安装程序遇到错误无法继续。请联系 Adobe 客户支持部门获得支持。</zh_CN>
		<zh_TW>安裝程式遇到問題且無法繼續。請聯絡 Adobe 客戶服務中心以尋求協助。</zh_TW>
		<da_DK>Installationsprogrammet stødte på en fejl og kan ikke fortsætte. Kontakt Adobes kundesupport for at få hjælp.</da_DK>
		<fi_FI>Asennusohjelma havaitsi virheen eikä voi jatkaa. Ota yhteys Adoben tukeen.</fi_FI>
		<nb_NO>Installasjonsprogrammet har oppdaget en feil og kan ikke fortsette. Kontakt Adobes kundestøtte hvis du trenger hjelp.</nb_NO>
		<pt_BR>A configuração encontrou um erro e não pode continuar. Entre em contato com o atendimento ao cliente da Adobe para obter ajuda.</pt_BR>
	</String>
	<String stringID="locAlertWindowTitle">
		<ar_AE>تنبيه مثبت</ar_AE>
		<cs_CZ>Upozornění instalačního programu</cs_CZ>
		<de_DE>Warnung des Installationsprogramms</de_DE>
		<el_GR>Ειδοποίηση προγράμματος εγκατάστασης</el_GR>
		<en_US>Installer Alert</en_US>
		<es_ES>Alerta del programa de instalación</es_ES>
		<es_MX>Alerta del programa de instalación</es_MX>
		<fr_FR>Avertissement du programme d'installation</fr_FR>
		<fr_CA>Avertissement du programme d'installation</fr_CA>
		<he_IL>אזהרה של תוכנית ההתקנה</he_IL>
		<hu_HU>Telepítő riasztása</hu_HU>
		<it_IT>Avviso del programma di installazione</it_IT>
		<ja_JP>インストーラの警告</ja_JP>
		<ko_KR>설치 관리자 경고</ko_KR>
		<nl_NL>Installatiemelding</nl_NL>
		<pl_PL>Komunikat programu instalacyjnego</pl_PL>
		<ro_RO>Alertă de instalare</ro_RO>
		<ru_RU>Оповещение установки</ru_RU>
		<sv_SE>Installationsmeddelande</sv_SE>
		<tr_TR>Yükleyici Uyarısı</tr_TR>
		<uk_UA>Попередження програми установки</uk_UA>
		<zh_CN>安装程序警告</zh_CN>
		<zh_TW>安裝程式警告</zh_TW>
		<da_DK>Installationsadvarsel</da_DK>
		<fi_FI>Asennusohjelman varoitus</fi_FI>
		<nb_NO>Varsel fra installasjonsprogram</nb_NO>
		<pt_BR>Alerta de Instalador</pt_BR>
	</String>
	<String stringID="locWindowUpdateRunningTitle">
		<ar_AE>تشتغل تحديثات Windows</ar_AE>
		<cs_CZ>Probíhá aktualizace systému Windows</cs_CZ>
		<de_DE>Windows-Updates werden ausgeführt</de_DE>
		<el_GR>Εκτέλεση ενημερώσεων των Windows</el_GR>
		<en_US>Windows Updates Running</en_US>
		<es_ES>Actualizaciones de Windows en ejecución</es_ES>
		<es_MX>Actualizaciones de Windows en ejecución</es_MX>
		<fr_FR>Mises à jour Windows en cours d'exécution</fr_FR>
		<fr_CA>Mises à jour Windows en cours d'exécution</fr_CA>
		<he_IL>תוכנית העדכונים של Windows מופעלת</he_IL>
		<hu_HU>Futó Windows-frissítések</hu_HU>
		<it_IT>Aggiornamenti di Windows in esecuzione</it_IT>
		<ja_JP>Windows Update の実行中</ja_JP>
		<ko_KR>Windows Update 실행 중</ko_KR>
		<nl_NL>Windows Update wordt uitgevoerd</nl_NL>
		<pl_PL>Trwa aktualizacja systemu Windows</pl_PL>
		<ro_RO>Se execută Actualizările Windows</ro_RO>
		<ru_RU>Выполняется обновление Windows</ru_RU>
		<sv_SE>Windows Updates körs</sv_SE>
		<tr_TR>Windows Güncellemeleri Çalışıyor</tr_TR>
		<uk_UA>Запущено програму встановлення оновлень Windows</uk_UA>
		<zh_CN>Windows Update 正在运行</zh_CN>
		<zh_TW>正在執行 Windows Updates</zh_TW>
		<da_DK>Windows-opdateringer kører</da_DK>
		<fi_FI>Windows Update on käynnissä</fi_FI>
		<nb_NO>Windows-oppdateringer kjører</nb_NO>
		<pt_BR>Atualizações do Windows em execução</pt_BR>
	</String>
	<String stringID="systemPageWindowsUpdatesRunning1">
		<ar_AE>اكتشف الإعداد جريان تثبيت تحديثات Windows. يوصى بالمتابعة في تثبيتها ثم أعد التشغيل وشغل هذا الإعداد ثانية.</ar_AE>
		<cs_CZ>Instalační program zjistil, že probíhá instalace aktualizací systému Windows. Doporučujeme pokračovat v jejich instalaci, restartovat počítač a poté spustit tento instalační program znovu.</cs_CZ>
		<de_DE>Setup hat festgestellt, dass derzeit Windows-Updates installiert werden. Es wird empfohlen, mit der Installation der Updates fortzufahren, den Computer neu zu starten und dann das Setup noch einmal auszuführen.</de_DE>
		<el_GR>Το πρόγραμμα εγκατάστασης εντόπισε ότι γίνεται εγκατάσταση ενημερώσεων των Windows. Συνιστάται να συνεχίσετε την εγκατάσταση των ενημερώσεων, να κάνετε επανεκκίνηση και έπειτα να εκτελέσετε ξανά το πρόγραμμα εγκατάστασης.</el_GR>
		<en_US>Setup has detected that Windows Updates are being installed. It is recommended that you continue installing the updates, reboot and then run this setup again.</en_US>
		<es_ES>El programa de instalación ha detectado que se están instalando actualizaciones de Windows. Se recomienda continuar con la instalación, reiniciar y ejecutar de nuevo este programa de instalación.</es_ES>
		<es_MX>El programa de instalación ha detectado que se están instalando actualizaciones de Windows. Se recomienda continuar con la instalación, reiniciar y ejecutar de nuevo este programa de instalación.</es_MX>
		<fr_FR>Le programme a détecté que l'installation de mises à jour Windows était en cours. Il est recommandé de poursuivre l'installation de ces mises à jour, de redémarrer, puis d'exécuter à nouveau ce programme d'installation.</fr_FR>
		<fr_CA>Le programme a détecté que l'installation de mises à jour Windows était en cours. Il est recommandé de poursuivre l'installation de ces mises à jour, de redémarrer, puis d'exécuter à nouveau ce programme d'installation.</fr_CA>
		<he_IL>תוכנית ההתקנה זיהתה שעדכוני Windows נמצאים בתהליך התקנה. מומלץ להמשיך בהתקנת העדכונים, להפעיל את המחשב מחדש ולהפעיל שוב תוכנית התקנה זו.</he_IL>
		<hu_HU>A telepítő azt észlelte, hogy folyamatban van egyes Windows-frissítések telepítése. Javasoljuk, hogy folytassa és fejezze be a frissítések telepítését, indítsa újra a számítógépet, majd futtassa újból ezt a telepítőt.</hu_HU>
		<it_IT>Il programma di installazione ha rilevato che gli aggiornamenti di Windows sono in fase di installazione. Vi raccomandiamo di procedere con l'installazione degli aggiornamenti, di riavviare e di eseguire nuovamente il programma di installazione.</it_IT>
		<ja_JP>Windows Update のインストール中です。更新プログラムのインストールを続行し再起動を行ってから、このセットアップをもう一度実行することをお勧めします。</ja_JP>
		<ko_KR>Windows Update를 설치하고 있습니다. Windows Update 설치를 계속하고 다시 부팅한 후 이 설치 프로그램을 다시 실행하는 것이 좋습니다.</ko_KR>
		<nl_NL>Setup heeft bepaald dat er Windows-updates worden geïnstalleerd. U wordt aangeraden door te gaan met het installeren van de updates, de computer opnieuw te starten en vervolgens deze Setup opnieuw uit te voeren.</nl_NL>
		<pl_PL>Program instalacyjny wykrył, że trwa instalowanie uaktualnień systemu Windows. Zalecamy dokończyć instalację uaktualnień, uruchomić ponownie komputer, a następnie ponownie uruchomić program instalacyjny.</pl_PL>
		<ro_RO>Configurarea a detectat Actualizările Windows sunt în curs de instalare. Vă recomandăm să continuaţi instalarea actualizărilor, să reporniţi computerul, apoi să executaţi din nou această configurare.</ro_RO>
		<ru_RU>Программа установки обнаружила, что производится установка обновлений Windows. Рекомендуется завершить установку обновлений, перезапустить компьютер, а затем снова запустить программу установки.</ru_RU>
		<sv_SE>Installationsprogrammet har upptäckt att Windows Updates installeras. Du rekommenderas att fortsätta installera uppdateringarna, starta om datorn och sedan köra den här installationen igen.</sv_SE>
		<tr_TR>Kurulum, Windows Güncellemeleri'nin yüklenmekte olduğunu algıladı. Güncellemeleri yüklemeye devam etmeniz, bilgisayarı yeniden başlatmanız ve daha sonra bu kurulumu tekrar çalıştırmanız önerilir.</tr_TR>
		<uk_UA>Програма установки виявила, що відбувається процес установки оновлень Windows. Рекомендується продовжити процес установки оновлень, потім перезавантажити комп'ютер і знову запустити цю програму установки.</uk_UA>
		<zh_CN>安装程序检测到 Windows Update 正在运行。建议您继续安装完那些更新、重新启动系统，然后再次运行本安装程序。</zh_CN>
		<zh_TW>安裝程式偵測到目前正在安裝 Windows Updates。建議您繼續安裝更新、重新開機，然後再次執行此安裝程式。</zh_TW>
		<da_DK>Installationsprogrammet har registreret, at Windows-opdateringer er ved at blive installeret. Det anbefales, at du fortsætter med at installere opdateringerne, genstarter og derefter kører dette installationsprogram igen.</da_DK>
		<fi_FI>Asennusohjelma on havainnut, että Windows-päivitysten asennus on käynnissä. Suosittelemme, että suoritat päivitysten asennuksen loppuun ja käynnistät tietokoneen ja asennusohjelman uudelleen.</fi_FI>
		<nb_NO>Installasjonsprogrammet har oppdaget at Windows-oppdateringer er i ferd med å bli installert. Det anbefales at du fortsetter installasjonen av oppdateringene, starter maskinen på nytt og kjører installasjonsprogrammet igjen.</nb_NO>
		<pt_BR>A instalação detectou que Atualizações do Windows estão sendo instaladas. Recomendamos que continue instalando as atualizações e reinicialize para executar esta instalação novamente.</pt_BR>
	</String>
	<String stringID="systemPageWindowsUpdatesRunning2">
		<ar_AE>قد يؤدي تشغيل هذا الإعداد وتحديثات Windows قيد التثبيت إلى تثبيت غير صالح.</ar_AE>
		<cs_CZ>Běh tohoto instalačního programu současně s instalací aktualizací systému Windows může vyústit v neplatnou instalaci.</cs_CZ>
		<de_DE>Wenn Sie das Setup fortsetzen, während Windows-Updates installiert werden, kann dies zu einer fehlerhaften Installation führen.</de_DE>
		<el_GR>Η εκτέλεση αυτού του προγράμματος εγκατάστασης κατά την εγκατάσταση ενημερώσεων των Windows μπορεί να οδηγήσει σε μη έγκυρη εγκατάσταση.</el_GR>
		<en_US>Running this setup while Windows Updates are being installed may result in an invalid installation.</en_US>
		<es_ES>La ejecución del programa de instalación durante la instalación de las actualizaciones de Windows puede dar lugar a una instalación no válida.</es_ES>
		<es_MX>La ejecución del programa de instalación durante la instalación de las actualizaciones de Windows puede dar lugar a una instalación no válida.</es_MX>
		<fr_FR>L'exécution de ce programme alors que l'installation de mises à jour Windows est en cours peut entraîner une installation non valide.</fr_FR>
		<fr_CA>L'exécution de ce programme alors que l'installation de mises à jour Windows est en cours peut entraîner une installation non valide.</fr_CA>
		<he_IL>הפעלת תוכנית התקנה זו במהלך התקנה של עדכוני Windows עלולה לגרום להתקנה לקויה.</he_IL>
		<hu_HU>Ha Windows-frissítések telepítése közben futtatja ezt a telepítőt, az a termék helytelen telepítését eredményezheti.</hu_HU>
		<it_IT>L'esecuzione del programma di installazione durante l'installazione degli aggiornamenti di Windows può provocare un'installazione non valida.</it_IT>
		<ja_JP>Windows Update のインストール中にこのセットアップを実行すると、インストールが無効になる場合があります。</ja_JP>
		<ko_KR>Windows Update를 설치하고 있는 동안 이 설치 프로그램을 실행하면 프로그램이 제대로 설치되지 않을 수 있습니다.</ko_KR>
		<nl_NL>Als u deze Setup uitvoert terwijl er Windows-updates worden geïnstalleerd, kan een ongeldige installatie tot gevolg hebben.</nl_NL>
		<pl_PL>Uruchomienie programu instalacyjnego podczas instalowania uaktualnień systemu Windows może spowodować błędy instalacji.</pl_PL>
		<ro_RO>Executarea acestei configurări în timp ce se instalează Actualizările Windows poate duce la o instalare nevalidă.</ro_RO>
		<ru_RU>Выполнение этой установки во время установки обновлений Windows может привести к ее неправильной работе.</ru_RU>
		<sv_SE>Om du kör den här installationen medan Windows Updates installeras kan installationen bli ogiltig.</sv_SE>
		<tr_TR>Bu kurulumun Windows Güncellemeleri yüklenirken çalıştırılması, geçersiz bir yüklemeye neden olabilir.</tr_TR>
		<uk_UA>Запуск цієї програми установки під час установлення оновлень Windows може спричинити їх неправильне встановлення.</uk_UA>
		<zh_CN>如果在 Windows Update 执行过程中，运行本安装程序，可能会导致安装无效。</zh_CN>
		<zh_TW>在 Windows Updates 正在進行安裝時執行此安裝程式可能會導致安裝無效。</zh_TW>
		<da_DK>Hvis du kører installationsprogrammet, samtidig med at Windows-opdateringer er ved at blive installeret, kan det resultere i fejl under installationen.</da_DK>
		<fi_FI>Tämän asennusohjelman suorittaminen Windows-päivityksen aikana voi aiheuttaa virheitä asennuksessa.</fi_FI>
		<nb_NO>Hvis installasjonsprogrammet kjøres mens Windows-oppdateringer blir installert, kan det hende at installasjonen blir ugyldig.</nb_NO>
		<pt_BR>A execução desta instalação durante a instalação de Atualizações do Windows pode resultar em uma instalação inválida.</pt_BR>
	</String>
	<String stringID="systemPageWindowsUpdatesRunning3">
		<ar_AE>انقر فوق ‘خروج‘ لإنهاء المثبت أو انقر فوق ‘متابعة‘ للمتابعة في التثبيت.</ar_AE>
		<cs_CZ>Klepnutím na tlačítko Ukončit zavřete instalační program nebo klepnutím na tlačítko Pokračovat pokračujte v instalaci.</cs_CZ>
		<de_DE>Klicken Sie auf Beenden, um das Installationsprogramm zu beenden, oder auf Fortsetzen, um mit der Installation fortzufahren.</de_DE>
		<el_GR>Κάντε κλικ στο κουμπί "Έξοδος" για να τερματίσετε το πρόγραμμα εγκατάστασης ή κάντε κλικ στο κουμπί "Συνέχεια" για να συνεχίσετε την εγκατάσταση.</el_GR>
		<en_US>Click Quit to exit the installer or click continue to proceed with the installation.</en_US>
		<es_ES>Haga clic en Salir para salir del programa de instalación, o bien haga clic en continuar para seguir con la instalación.</es_ES>
		<es_MX>Haga clic en Salir para salir del programa de instalación, o bien haga clic en continuar para seguir con la instalación.</es_MX>
		<fr_FR>Cliquez sur Quitter pour sortir du programme d'installation ou sur Continuer pour poursuivre.</fr_FR>
		<fr_CA>Cliquez sur Quitter pour sortir du programme d'installation ou sur Continuer pour poursuivre.</fr_CA>
		<he_IL>לחצו על 'יציאה' ליציאה מתוכנית ההתקנה או לחצו על 'המשך' להמשך ההתקנה.</he_IL>
		<hu_HU>Kattintson a Kilépés gombra a telepítőből való kilépéshez, vagy kattintson a Folytatás gombra a telepítés folytatásához.</hu_HU>
		<it_IT>Fate clic su Esci per uscire dal programma di installazione oppure fate clic su Continua per procedere con l'installazione.</it_IT>
		<ja_JP>「終了」をクリックしてインストーラを終了するか、「続行」をクリックしてインストールを続けます。</ja_JP>
		<ko_KR>설치 관리자를 종료하려면 [종료]를 클릭하고, 설치를 계속하려면 [계속]을 클릭하십시오.</ko_KR>
		<nl_NL>Klik op Afsluiten om het installatieprogramma af te sluiten, of klik op Doorgaan om verder te gaan met de installatie.</nl_NL>
		<pl_PL>Kliknij przycisk Zakończ, aby zamknąć program instalacyjny lub kliknij przycisk Kontynuuj, aby przystąpić do instalacji.</pl_PL>
		<ro_RO>Faceţi clic pe Părăsire pentru a ieşi din programul de instalare sau faceţi clic pe Continuare pentru a continua instalarea.</ro_RO>
		<ru_RU>Чтобы завершить установку, нажмите кнопку Выход. Чтобы продолжить установку, нажмите кнопку Продолжить.</ru_RU>
		<sv_SE>Klicka på Avsluta om du vill avsluta installationsprogrammet eller klicka på Fortsätt för att fortsätta installationen.</sv_SE>
		<tr_TR>Yükleyiciden çıkmak için Çık'ı, yükleme işlemine devam etmek için devam et'i tıklatın.</tr_TR>
		<uk_UA>Натисніть Вихід, щоб вийти із програми установки, або Продовжити, щоб продовжити процес установки.</uk_UA>
		<zh_CN>请单击“退出”离开安装界面，或者单击“继续”进入后续安装过程。</zh_CN>
		<zh_TW>按一下「結束」以退出安裝程式，或按一下「繼續」以繼續執行安裝程式。</zh_TW>
		<da_DK>Klik på Afslut for at afslutte installationsprogrammet, eller klik på Fortsæt for at fortsætte installationen.</da_DK>
		<fi_FI>Poistu asennusohjelmasta valitsemalla Lopeta tai jatka asennusta valitsemalla Jatka.</fi_FI>
		<nb_NO>Klikk Avslutt for å avslutte installasjonsprogrammet, eller klikk Fortsett for å fortsette installasjonen.</nb_NO>
		<pt_BR>Clique em Sair para sair do instalador ou clique em Continuar para continuar a instalação.</pt_BR>
	</String>
</Localization>