<?xml version="1.0" encoding="UTF-8"?>
<PayloadInfo version="2.0.131.0" md5="6f2f6eead1e6da93152fa35048458e7d"><BuildInfo>
    <Property name="Created">2008-08-30 18:10:54.937000</Property>
    <Property name="TargetName">AdobeExtendScriptToolkit3.0.0All</Property>
    <Property name="ProcessorFamily">All</Property>
  </BuildInfo><InstallerProperties>
    <Property name="AdobeCode">{490F274E-689A-4ECF-AC3E-322347ED7613}</Property>
    <Property name="ProductName">Adobe ExtendScript Toolkit CS4</Property>
    <Property name="ProductVersion">3.0.0</Property>
  </InstallerProperties><Languages languageIndependent="1"/><Satisfies>
    <ProductInfo>
		<Family>CoreTech</Family>
		<ProductName>Adobe ExtendScript Toolkit CS4</ProductName>
	<ProductVersion>3.0.0</ProductVersion>
    </ProductInfo>
  </Satisfies><AddRemoveInfo>
    <DisplayVersion>
      <Value lang="sq_AL">3.0.0</Value>
      <Value lang="ar_AE">3.0.0</Value>
      <Value lang="be_BY">3.0.0</Value>
      <Value lang="bg_BG">3.0.0</Value>
      <Value lang="ca_ES">3.0.0</Value>
      <Value lang="zh_CN">3.0.0</Value>
      <Value lang="zh_TW">3.0.0</Value>
      <Value lang="hr_HR">3.0.0</Value>
      <Value lang="cs_CZ">3.0.0</Value>
      <Value lang="da_DK">3.0.0</Value>
      <Value lang="nl_NL">3.0.0</Value>
      <Value lang="en_XC">3.0.0</Value>
      <Value lang="en_XM">3.0.0</Value>
      <Value lang="en_GB">3.0.0</Value>
      <Value lang="en_US">3.0.0</Value>
      <Value lang="et_EE">3.0.0</Value>
      <Value lang="fi_FI">3.0.0</Value>
      <Value lang="fr_FR">3.0.0</Value>
      <Value lang="fr_XM">3.0.0</Value>
      <Value lang="de_DE">3.0.0</Value>
      <Value lang="el_GR">3.0.0</Value>
      <Value lang="he_IL">3.0.0</Value>
      <Value lang="hu_HU">3.0.0</Value>
      <Value lang="hi_IN">3.0.0</Value>
      <Value lang="is_IS">3.0.0</Value>
      <Value lang="it_IT">3.0.0</Value>
      <Value lang="ja_JP">3.0.0</Value>
      <Value lang="ko_KR">3.0.0</Value>
      <Value lang="lv_LV">3.0.0</Value>
      <Value lang="lt_LT">3.0.0</Value>
      <Value lang="mk_MK">3.0.0</Value>
      <Value lang="nn_NO">3.0.0</Value>
      <Value lang="no_NO">3.0.0</Value>
      <Value lang="nb_NO">3.0.0</Value>
      <Value lang="pl_PL">3.0.0</Value>
      <Value lang="pt_BR">3.0.0</Value>
      <Value lang="ro_RO">3.0.0</Value>
      <Value lang="ru_RU">3.0.0</Value>
      <Value lang="sh_YU">3.0.0</Value>
      <Value lang="sk_SK">3.0.0</Value>
      <Value lang="sl_SI">3.0.0</Value>
      <Value lang="es_QM">3.0.0</Value>
      <Value lang="es_ES">3.0.0</Value>
      <Value lang="sv_SE">3.0.0</Value>
      <Value lang="th_TH">3.0.0</Value>
      <Value lang="tr_TR">3.0.0</Value>
      <Value lang="uk_UA">3.0.0</Value>
      <Value lang="vi_VN">3.0.0</Value>
      <Value lang="fr_CA">3.0.0</Value>
      <Value lang="es_MX">3.0.0</Value>
    </DisplayVersion>
    <DisplayName>
      <Value lang="sq_AL">Adobe ExtendScript Toolkit CS4</Value>
      <Value lang="ar_AE">Adobe ExtendScript Toolkit CS4</Value>
      <Value lang="be_BY">Adobe ExtendScript Toolkit CS4</Value>
      <Value lang="bg_BG">Adobe ExtendScript Toolkit CS4</Value>
      <Value lang="ca_ES">Adobe ExtendScript Toolkit CS4</Value>
      <Value lang="zh_CN">Adobe ExtendScript Toolkit CS4</Value>
      <Value lang="zh_TW">Adobe ExtendScript Toolkit CS4</Value>
      <Value lang="hr_HR">Adobe ExtendScript Toolkit CS4</Value>
      <Value lang="cs_CZ">Adobe ExtendScript Toolkit CS4</Value>
      <Value lang="da_DK">Adobe ExtendScript Toolkit CS4</Value>
      <Value lang="nl_NL">Adobe ExtendScript Toolkit CS4</Value>
      <Value lang="en_XC">Adobe ExtendScript Toolkit CS4</Value>
      <Value lang="en_XM">Adobe ExtendScript Toolkit CS4</Value>
      <Value lang="en_GB">Adobe ExtendScript Toolkit CS4</Value>
      <Value lang="en_US">Adobe ExtendScript Toolkit CS4</Value>
      <Value lang="et_EE">Adobe ExtendScript Toolkit CS4</Value>
      <Value lang="fi_FI">Adobe ExtendScript Toolkit CS4</Value>
      <Value lang="fr_FR">Adobe ExtendScript Toolkit CS4</Value>
      <Value lang="fr_XM">Adobe ExtendScript Toolkit CS4</Value>
      <Value lang="de_DE">Adobe ExtendScript Toolkit CS4</Value>
      <Value lang="el_GR">Adobe ExtendScript Toolkit CS4</Value>
      <Value lang="he_IL">Adobe ExtendScript Toolkit CS4</Value>
      <Value lang="hu_HU">Adobe ExtendScript Toolkit CS4</Value>
      <Value lang="hi_IN">Adobe ExtendScript Toolkit CS4</Value>
      <Value lang="is_IS">Adobe ExtendScript Toolkit CS4</Value>
      <Value lang="it_IT">Adobe ExtendScript Toolkit CS4</Value>
      <Value lang="ja_JP">Adobe ExtendScript Toolkit CS4</Value>
      <Value lang="ko_KR">Adobe ExtendScript Toolkit CS4</Value>
      <Value lang="lv_LV">Adobe ExtendScript Toolkit CS4</Value>
      <Value lang="lt_LT">Adobe ExtendScript Toolkit CS4</Value>
      <Value lang="mk_MK">Adobe ExtendScript Toolkit CS4</Value>
      <Value lang="nn_NO">Adobe ExtendScript Toolkit CS4</Value>
      <Value lang="no_NO">Adobe ExtendScript Toolkit CS4</Value>
      <Value lang="nb_NO">Adobe ExtendScript Toolkit CS4</Value>
      <Value lang="pl_PL">Adobe ExtendScript Toolkit CS4</Value>
      <Value lang="pt_BR">Adobe ExtendScript Toolkit CS4</Value>
      <Value lang="ro_RO">Adobe ExtendScript Toolkit CS4</Value>
      <Value lang="ru_RU">Adobe ExtendScript Toolkit CS4</Value>
      <Value lang="sh_YU">Adobe ExtendScript Toolkit CS4</Value>
      <Value lang="sk_SK">Adobe ExtendScript Toolkit CS4</Value>
      <Value lang="sl_SI">Adobe ExtendScript Toolkit CS4</Value>
      <Value lang="es_QM">Adobe ExtendScript Toolkit CS4</Value>
      <Value lang="es_ES">Adobe ExtendScript Toolkit CS4</Value>
      <Value lang="sv_SE">Adobe ExtendScript Toolkit CS4</Value>
      <Value lang="th_TH">Adobe ExtendScript Toolkit CS4</Value>
      <Value lang="tr_TR">Adobe ExtendScript Toolkit CS4</Value>
      <Value lang="uk_UA">Adobe ExtendScript Toolkit CS4</Value>
      <Value lang="vi_VN">Adobe ExtendScript Toolkit CS4</Value>
      <Value lang="fr_CA">Adobe ExtendScript Toolkit CS4</Value>
      <Value lang="es_MX">Adobe ExtendScript Toolkit CS4</Value>
    </DisplayName>
  </AddRemoveInfo></PayloadInfo>